resName,RmenuName,RmenuCost,rating,distance,breakDay
츠케루,츠케멘,11000,4.65,484,연중무휴
아마 홍대점,런치커리정식,10900,4.76,81,연중무휴
이모네,뼈해장국,10000,4.52,142,연중무휴
포옹남 홍대,쌀국수,10500,4.53,315,연중무휴
아비꼬 홍대 2호점,버섯카레 ,9500,4.51,252,연중무휴
산쪼메 홍대점,돈코츠라멘,8000,4.17,275,연중무휴
카츠업 홍대점,김치카츠나베,10500,4.57,332,연중무휴
감성타코 홍대점,까르니따스치즈타코,10800,4.35,442,연중무휴
카미야,히레치즈가츠,10500,4.48,382,연중무휴
홍대돈부리 본점,가츠동,9900,4.36,368,연중무휴
혼가츠,김치나베,9000,4.35,333,연중무휴
파파초밥,익힘초밥(10pcs)+미니우동,10000,4.56,394,월요일
원당감자탕 홍대점,뼈해장국,7000,4.30,439,일요일
홍대쌀국수 홍대놀이터점,쇠소기쌀국수,6900,4.35,458,연중무휴
고집,돼지연탄구이백반,9500,4.38,476,연중무휴
다락투,닭곰탕,10000,4.51,490,일요일
향미,제육볶음,7500,4.46,495,일요일
이삭토스트 홍대점,스크램블 햄치즈,3700,4.47,491,연중무휴
면식당 홍익대점,돈코츠라멘,8400,4.35,571,연중무휴
화산라멘 멘야마쯔리 홍대점,멘야마제소바,11000,4.49,643,연중무휴
삼청당 홍대본점,삼청당숙성김치찌개,8500,4.70,686,연중무휴
어머님밥상,한식뷔페,10000,4.55,484,연중무휴
언덕,1인 샤브샤브,11500,4.35,484,일요일
지지고 홍대점,철판볶음,5000,4.59,484,연중무휴
지로우라멘,지로우라멘,10000,4.47,540,연중무휴
미스터라멘 서교점,미스터라멘,8500,4.43,634,화요일
오레타치카레,비프샤프카레,10900,4.42,664,연중무휴
돈수백 홍대직영점,돈탕반(돼지국밥),9000,4.29,591,연중무휴
밥장인 홍대점,짜글이(돼지찌개),10000,4.67,609,연중무휴
쿵푸카우수타우육면 본점,란주수타우육면,10000,4.35,519,연중무휴
보승회관 홍대직영점,순대국밥,11000,4.34,512,연중무휴
이가산도삭면,마라도삭면,10000,4.34,446,연중무휴
진화쿵푸마라탕&훠궈무한리필 홍대본점,마라탕,10500,4.68,435,월요일
홍대조폭떡볶이 홍대 2호점,떡볶이,5000,4.21,418,연중무휴
역전우동0410 홍대입구역점,역전돈까스,8500,4.36,471,연중무휴
긴자료코 홍대본점,데미그라스 돈까스,11000,4.48,529,연중무휴
가미우동,가께우동,6500,4.59,417,월요일
홍콩반점0410 홍대입구역점,짜장면,6500,4.27,382,연중무휴
와따분식 홍대점,와따계란김밥,4800,4.23,378,연중무휴
김가네 홍대점,김가네김밥,4500,4.27,484,연중무휴
그남자의볶음밥,김치삼겹살볶음밥,9900,4.28,357,연중무휴
육쌈냉면 홍대2호점,물냉면+숯불고기,10000,4.16,402,연중무휴
홍콩식당 홍대점,쉬림프마파두부동,9000,4.23,345,연중무휴
버거리 홍대점,버러기버거,6900,4.44,437,연중무휴
참숯 잔다리불고기,고추장불고기,7900,4.05,275,연중무휴
만평우동 홍대점,만평우동(기본),4500,4.23,304,연중무휴
미도인 홍대,미도인 스테이크 덮밥,10800,4.25,391,연중무휴
테라김밥 홍대본점,테라김밥,3500,4.28,333,연중무휴
틈새라면 홍대놀이터점,빨계떡(매운라면),6000,4.58,408,연중무휴
수림식당 홍대점,비빔탄탄면,10000,4.28,511,연중무휴
불간짬뽕 홍대점,간짬뽕,12000,4.27,554,월요일
칸다소바,아부라소바,11000,4.45,790,연중무휴
카레시 합정본점,야채 스프카레,11000,4.25,643,월요일
닭선생,닭도리백반,8000,4.33,368,일요일
서교닭매운탕,들깨크림수제비,10000,4.23,596,연중무휴
우동 카덴,가케우동,9000,4.23,705,일요일
옥동식,돼지곰탕,11000,4.35,732,연중무휴
칼국수수제비가,칼국수/수제비,8000,4.42,435,일요일
멘야하나비 합정점,마제소바,11000,4.28,451,월요일
커리지널,야채 스프카레,12000,4.66,386,수요일
담택,시오라멘,9500,4.63,630,일요일
명동왕돈까스,명동왕돈까스(중),10000,4.51,287,연중무휴
맨야준 홍대점,시오라멘,10000,4.58,454,연중무휴
연가정,칼국수,10000,4.25,301,일요일
향미각,짜장면,7000,4.17,243,일요일
고랭,돈비빔냉면,10000,4.23,638,일요일
서울한우곰탕,한우곰탕,9000,4.31,577,일요일
춘풍국밥,고기국수,10000,4.51,359,연중무휴
